Date,Type,Link
2026-02-13 16:48:43,PRAISE,https://www.linkedin.com/feed/update/urn%3Ali%3Aactivity%3A7425661151427956736
2026-02-11 20:49:45,LIKE,https://www.linkedin.com/feed/update/urn%3Ali%3Aactivity%3A7427407025778778112
2026-02-11 20:49:38,LIKE,https://www.linkedin.com/feed/update/urn%3Ali%3AugcPost%3A7427335445790822400
2026-02-10 19:57:13,EMPATHY,https://www.linkedin.com/feed/update/urn%3Ali%3Aactivity%3A7427024721185193984
2026-02-06 22:28:26,LIKE,https://www.linkedin.com/feed/update/urn%3Ali%3Aactivity%3A7425602605650714624
2026-01-27 18:55:15,LIKE,https://www.linkedin.com/feed/update/urn%3Ali%3Aactivity%3A7421979382908637184
2026-01-27 15:37:52,LIKE,https://www.linkedin.com/feed/update/urn%3Ali%3Aactivity%3A7421931510360014848
2026-01-26 15:15:33,LIKE,https://www.linkedin.com/feed/update/urn%3Ali%3Aactivity%3A7421551199658651648
2026-01-22 23:51:41,LIKE,https://www.linkedin.com/feed/update/urn%3Ali%3Aactivity%3A7420148512660582403
2026-01-22 01:14:20,LIKE,https://www.linkedin.com/feed/update/urn%3Ali%3Aactivity%3A7419760374972874752
2026-01-20 21:56:56,LIKE,https://www.linkedin.com/feed/update/urn%3Ali%3Aactivity%3A7419483877104259072
2026-01-13 18:30:21,LIKE,https://www.linkedin.com/feed/update/urn%3Ali%3Aactivity%3A7416893065443041281
2026-01-13 18:30:13,LIKE,https://www.linkedin.com/feed/update/urn%3Ali%3AugcPost%3A7416894701338959872
2025-12-23 20:59:32,LIKE,https://www.linkedin.com/feed/update/urn%3Ali%3AugcPost%3A7407491469717995520?commentUrn=urn%3Ali%3Acomment%3A%28ugcPost%3A7407491469717995520%2C7409333374177153025%29
2025-12-23 20:59:27,PRAISE,https://www.linkedin.com/feed/update/urn%3Ali%3AugcPost%3A7407491469717995520
2025-12-19 20:08:13,LIKE,https://www.linkedin.com/feed/update/urn%3Ali%3Aactivity%3A7407749516218761216
2025-12-15 20:49:18,LIKE,https://www.linkedin.com/feed/update/urn%3Ali%3AugcPost%3A7406425649869074432
2025-12-12 19:03:53,LIKE,https://www.linkedin.com/feed/update/urn%3Ali%3AugcPost%3A7405293953870368768
2025-12-10 20:23:16,LIKE,https://www.linkedin.com/feed/update/urn%3Ali%3AugcPost%3A7404590337135898624
2025-12-10 19:59:19,LIKE,https://www.linkedin.com/feed/update/urn%3Ali%3AugcPost%3A7404544483813650433
2025-12-03 22:25:34,LIKE,https://www.linkedin.com/feed/update/urn%3Ali%3AugcPost%3A7402106554616860674
2025-12-03 15:57:48,LIKE,https://www.linkedin.com/feed/update/urn%3Ali%3Aactivity%3A7401985849866797056
2025-12-01 20:16:02,LIKE,https://www.linkedin.com/feed/update/urn%3Ali%3AugcPost%3A7401316420162269184
2025-12-01 14:04:05,LIKE,https://www.linkedin.com/feed/update/urn%3Ali%3Aactivity%3A7400973796431802368
2025-11-25 19:54:30,LIKE,https://www.linkedin.com/feed/update/urn%3Ali%3AugcPost%3A7399133506301485056
2025-11-24 17:40:39,LIKE,https://www.linkedin.com/feed/update/urn%3Ali%3AugcPost%3A7398752141370359808
2025-11-24 13:51:36,LIKE,https://www.linkedin.com/feed/update/urn%3Ali%3Aactivity%3A7388604518390820864
2025-11-20 16:24:10,LIKE,https://www.linkedin.com/feed/update/urn%3Ali%3AugcPost%3A7397306635783880704
2025-11-20 13:32:29,LIKE,https://www.linkedin.com/feed/update/urn%3Ali%3AugcPost%3A7397262717603962880
2025-11-17 22:52:35,EMPATHY,https://www.linkedin.com/feed/update/urn%3Ali%3AugcPost%3A7396247669087805440
2025-11-06 20:45:19,LIKE,https://www.linkedin.com/feed/update/urn%3Ali%3Aactivity%3A7392289313217994753
2025-11-06 18:10:37,LIKE,https://www.linkedin.com/feed/update/urn%3Ali%3Aactivity%3A7392255316593139712
2025-11-06 16:08:35,LIKE,https://www.linkedin.com/feed/update/urn%3Ali%3AugcPost%3A7392229751782019072
2025-11-06 13:35:19,LIKE,https://www.linkedin.com/feed/update/urn%3Ali%3Aactivity%3A7392172667539202049
2025-11-03 18:30:05,LIKE,https://www.linkedin.com/feed/update/urn%3Ali%3Aactivity%3A7391157162506563584
2025-11-03 14:22:36,LIKE,https://www.linkedin.com/feed/update/urn%3Ali%3Aactivity%3A7390362317093384192
2025-10-24 15:44:30,LIKE,https://www.linkedin.com/feed/update/urn%3Ali%3AugcPost%3A7387514217379209216
2025-10-24 15:33:03,EMPATHY,https://www.linkedin.com/feed/update/urn%3Ali%3Aactivity%3A7387478664508252160
2025-10-23 01:21:53,LIKE,https://www.linkedin.com/feed/update/urn%3Ali%3AugcPost%3A7376964152449269760
2025-10-22 13:37:12,LIKE,https://www.linkedin.com/feed/update/urn%3Ali%3Aactivity%3A7376697617935925249
2025-10-21 20:12:29,LIKE,https://www.linkedin.com/feed/update/urn%3Ali%3Aactivity%3A7384995039690780672?commentUrn=urn%3Ali%3Acomment%3A%28activity%3A7384995039690780672%2C7386300479678337024%29
2025-10-21 15:52:45,LIKE,https://www.linkedin.com/feed/update/urn%3Ali%3AugcPost%3A7386111906681638912
2025-10-02 16:24:23,LIKE,https://www.linkedin.com/feed/update/urn%3Ali%3Aactivity%3A7379546043593461760
2025-09-30 21:17:53,LIKE,https://www.linkedin.com/feed/update/urn%3Ali%3AugcPost%3A7378896967889989634
2025-09-24 16:23:26,LIKE,https://www.linkedin.com/feed/update/urn%3Ali%3Aactivity%3A7376647292151549952
2025-09-23 13:13:01,LIKE,https://www.linkedin.com/feed/update/urn%3Ali%3AugcPost%3A7360669760222568449
2025-09-23 13:12:49,LIKE,https://www.linkedin.com/feed/update/urn%3Ali%3AugcPost%3A7369049419213709312
2025-09-23 13:10:29,LIKE,https://www.linkedin.com/feed/update/urn%3Ali%3AugcPost%3A7375942652468568064
2025-09-18 22:11:12,LIKE,https://www.linkedin.com/feed/update/urn%3Ali%3AugcPost%3A7374514441326895104?commentUrn=urn%3Ali%3Acomment%3A%28ugcPost%3A7374514441326895104%2C7374514444086816768%29
2025-09-17 15:01:46,LIKE,https://www.linkedin.com/feed/update/urn%3Ali%3Aactivity%3A7364390843807395842
2025-09-12 14:55:43,LIKE,https://www.linkedin.com/feed/update/urn%3Ali%3AugcPost%3A7372271553662648320
2025-09-10 20:57:14,LIKE,https://www.linkedin.com/feed/update/urn%3Ali%3Aactivity%3A7371613172451045376
2025-09-10 13:17:00,LIKE,https://www.linkedin.com/feed/update/urn%3Ali%3AugcPost%3A7371530621774639104
2025-09-09 13:03:33,LIKE,https://www.linkedin.com/feed/update/urn%3Ali%3AugcPost%3A7370833353979211776
2025-08-25 21:34:37,LIKE,https://www.linkedin.com/feed/update/urn%3Ali%3AugcPost%3A7365755091154259968
2025-08-13 20:33:56,LIKE,https://www.linkedin.com/feed/update/urn%3Ali%3AugcPost%3A7360728880359305216
2025-08-13 16:08:22,LIKE,https://www.linkedin.com/feed/update/urn%3Ali%3Aactivity%3A7361396839553662976
2025-08-12 21:11:35,EMPATHY,https://www.linkedin.com/feed/update/urn%3Ali%3Aactivity%3A7361128144482787329
2025-08-05 19:53:52,LIKE,https://www.linkedin.com/feed/update/urn%3Ali%3Aactivity%3A7358568052713508865
2025-08-01 13:39:09,LIKE,https://www.linkedin.com/feed/update/urn%3Ali%3AugcPost%3A7343753257447546881
2025-07-29 17:52:36,LIKE,https://www.linkedin.com/feed/update/urn%3Ali%3Aactivity%3A7355992445521723393
2025-07-15 13:46:24,LIKE,https://www.linkedin.com/feed/update/urn%3Ali%3Aactivity%3A7350872441621020672
2025-07-15 01:42:41,LIKE,https://www.linkedin.com/feed/update/urn%3Ali%3Aactivity%3A7350595991194009603
2025-07-06 17:10:38,LIKE,https://www.linkedin.com/feed/update/urn%3Ali%3AugcPost%3A7347663590268579842
2025-06-26 16:46:05,LIKE,https://www.linkedin.com/feed/update/urn%3Ali%3Aactivity%3A7343996247617286147
2025-06-14 16:00:18,LIKE,https://www.linkedin.com/feed/update/urn%3Ali%3AugcPost%3A7333878214345334786
2025-06-14 03:15:01,LIKE,https://www.linkedin.com/feed/update/urn%3Ali%3AugcPost%3A7339488778375372800
2025-06-12 19:04:08,LIKE,https://www.linkedin.com/feed/update/urn%3Ali%3Aactivity%3A7338944646238138370
2025-06-10 22:42:30,LIKE,https://www.linkedin.com/feed/update/urn%3Ali%3AugcPost%3A7338222190435225602
2025-06-10 22:41:02,LIKE,https://www.linkedin.com/feed/update/urn%3Ali%3AugcPost%3A7338316616692076544
2025-06-10 00:53:32,LIKE,https://www.linkedin.com/feed/update/urn%3Ali%3Aactivity%3A7337898249611075586
2025-06-03 14:07:23,LIKE,https://www.linkedin.com/feed/update/urn%3Ali%3AugcPost%3A7335662983349477377
2025-05-29 23:56:06,LIKE,https://www.linkedin.com/feed/update/urn%3Ali%3AugcPost%3A7333976432374652928
2025-05-29 15:38:48,LIKE,https://www.linkedin.com/feed/update/urn%3Ali%3AugcPost%3A7333855258432987136
2025-05-29 13:44:38,LIKE,https://www.linkedin.com/feed/update/urn%3Ali%3AugcPost%3A7333841394207244289
2025-05-29 13:44:32,LIKE,https://www.linkedin.com/feed/update/urn%3Ali%3Aactivity%3A7333614559158558720
2025-05-28 23:48:23,LIKE,https://www.linkedin.com/feed/update/urn%3Ali%3AugcPost%3A7333607434906734593
2025-05-28 23:33:43,LIKE,https://www.linkedin.com/feed/update/urn%3Ali%3AugcPost%3A7333603667566075904
2025-05-23 13:23:16,LIKE,https://www.linkedin.com/feed/update/urn%3Ali%3Aactivity%3A7331665520066244608
2025-05-22 16:37:07,LIKE,https://www.linkedin.com/feed/update/urn%3Ali%3Aactivity%3A7331356377786818560
2025-05-15 20:43:44,LIKE,https://www.linkedin.com/feed/update/urn%3Ali%3Aactivity%3A7328871910476234754
2025-05-07 17:05:25,LIKE,https://www.linkedin.com/feed/update/urn%3Ali%3AugcPost%3A7320072881168658432
2025-05-02 00:10:42,LIKE,https://www.linkedin.com/feed/update/urn%3Ali%3AugcPost%3A7323837187874066432
2025-04-24 14:58:09,LIKE,https://www.linkedin.com/feed/update/urn%3Ali%3Aactivity%3A7321174932611084288
2025-04-16 13:41:02,LIKE,https://www.linkedin.com/feed/update/urn%3Ali%3Aactivity%3A7318256018797309953
2025-04-16 00:18:49,LIKE,https://www.linkedin.com/feed/update/urn%3Ali%3AugcPost%3A7318063720817954816
2025-04-09 18:32:41,LIKE,https://www.linkedin.com/feed/update/urn%3Ali%3AugcPost%3A7315784419603079168
2025-04-02 15:27:27,LIKE,https://www.linkedin.com/feed/update/urn%3Ali%3AugcPost%3A7311009401711063040
2025-03-31 22:56:01,LIKE,https://www.linkedin.com/feed/update/urn%3Ali%3Aactivity%3A7312526455660261376
2025-03-24 16:51:27,LIKE,https://www.linkedin.com/feed/update/urn%3Ali%3Aactivity%3A7309916695039537152
2025-03-18 23:46:56,PRAISE,https://www.linkedin.com/feed/update/urn%3Ali%3Aactivity%3A7307796040722563074
2025-03-18 15:41:30,LIKE,https://www.linkedin.com/feed/update/urn%3Ali%3Aactivity%3A7307769224993665024
2025-03-18 14:11:52,LIKE,https://www.linkedin.com/feed/update/urn%3Ali%3AugcPost%3A7301350775757103105
2025-03-04 19:03:50,LIKE,https://www.linkedin.com/feed/update/urn%3Ali%3Aactivity%3A7302763135810129921
2025-02-14 23:23:50,LIKE,https://www.linkedin.com/feed/update/urn%3Ali%3AugcPost%3A7296250401375354880
2025-02-06 18:14:07,LIKE,https://www.linkedin.com/feed/update/urn%3Ali%3Aactivity%3A7293296511063314433
2025-02-06 18:14:04,LIKE,https://www.linkedin.com/feed/update/urn%3Ali%3Aactivity%3A7293296366028476416
2025-01-29 19:03:02,LIKE,https://www.linkedin.com/feed/update/urn%3Ali%3AugcPost%3A7290416750154637314
2025-01-15 00:45:58,LIKE,https://www.linkedin.com/feed/update/urn%3Ali%3AugcPost%3A7279262055327494144
2025-01-13 18:52:38,LIKE,https://www.linkedin.com/feed/update/urn%3Ali%3Aactivity%3A7284630843174576128
2025-01-12 16:52:55,LIKE,https://www.linkedin.com/feed/update/urn%3Ali%3AugcPost%3A7283657895345299456
2025-01-08 19:11:45,PRAISE,https://www.linkedin.com/feed/update/urn%3Ali%3Aactivity%3A7282779882961444865
2025-01-02 20:06:32,LIKE,https://www.linkedin.com/feed/update/urn%3Ali%3Aactivity%3A7280672517956976640
2024-11-25 18:02:26,PRAISE,https://www.linkedin.com/feed/update/urn%3Ali%3Aactivity%3A7264658929282961408
2024-11-16 14:26:29,LIKE,https://www.linkedin.com/feed/update/urn%3Ali%3Aactivity%3A7257506140811415552
2024-11-14 20:37:33,LIKE,https://www.linkedin.com/feed/update/urn%3Ali%3Aactivity%3A7262909301076193281
2024-11-04 17:20:03,LIKE,https://www.linkedin.com/feed/update/urn%3Ali%3AugcPost%3A7259248889289928704
2024-10-31 17:19:02,LIKE,https://www.linkedin.com/feed/update/urn%3Ali%3AugcPost%3A7257554629394132992
2024-10-31 17:18:03,LIKE,https://www.linkedin.com/feed/update/urn%3Ali%3Aactivity%3A7257758717507514369
2024-09-25 17:56:07,LIKE,https://www.linkedin.com/feed/update/urn%3Ali%3AugcPost%3A7244758987454263296
2024-09-20 17:16:23,EMPATHY,https://www.linkedin.com/feed/update/urn%3Ali%3AugcPost%3A7242927010769965056
2024-08-07 19:24:53,LIKE,https://www.linkedin.com/feed/update/urn%3Ali%3Aactivity%3A7226962153738510336
2024-07-10 19:31:19,LIKE,https://www.linkedin.com/feed/update/urn%3Ali%3Aactivity%3A7216865524062810113
2024-06-29 15:08:14,LIKE,https://www.linkedin.com/feed/update/urn%3Ali%3AugcPost%3A7212753982815944704
2024-06-28 20:18:06,LIKE,https://www.linkedin.com/feed/update/urn%3Ali%3AugcPost%3A7212527701755080704
2024-06-16 14:45:48,LIKE,https://www.linkedin.com/feed/update/urn%3Ali%3AugcPost%3A7208064741276008450
2024-06-07 20:02:39,EMPATHY,https://www.linkedin.com/feed/update/urn%3Ali%3AugcPost%3A7204922633996357632
2024-03-19 17:18:19,LIKE,https://www.linkedin.com/feed/update/urn%3Ali%3Aactivity%3A7175887025890316288
2024-03-19 17:16:00,LIKE,https://www.linkedin.com/feed/update/urn%3Ali%3Aactivity%3A7175877949416443905
2024-03-11 20:12:06,LIKE,https://www.linkedin.com/feed/update/urn%3Ali%3AugcPost%3A7172965903389581312
2024-03-11 20:11:44,LIKE,https://www.linkedin.com/feed/update/urn%3Ali%3AugcPost%3A7173022264320323584
2024-03-08 17:34:45,PRAISE,https://www.linkedin.com/feed/update/urn%3Ali%3Aactivity%3A7171916331334651904
2024-03-07 02:31:51,LIKE,https://www.linkedin.com/feed/update/urn%3Ali%3Aactivity%3A7169003649942175745
2024-02-29 14:03:59,PRAISE,https://www.linkedin.com/feed/update/urn%3Ali%3Aactivity%3A7168925010651254785
2024-02-19 22:38:50,LIKE,https://www.linkedin.com/feed/update/urn%3Ali%3AugcPost%3A7165453328682856448
2023-11-03 20:19:49,LIKE,https://www.linkedin.com/feed/update/urn%3Ali%3Aactivity%3A7126249224152764416
2023-10-27 18:30:24,LIKE,https://www.linkedin.com/feed/update/urn%3Ali%3Aactivity%3A7123730230145425408
2023-10-12 14:40:40,LIKE,https://www.linkedin.com/feed/update/urn%3Ali%3AugcPost%3A7118236635086917632
2023-09-14 14:08:06,LIKE,https://www.linkedin.com/feed/update/urn%3Ali%3Aactivity%3A7105564540599242752
2023-08-31 16:09:15,LIKE,https://www.linkedin.com/feed/update/urn%3Ali%3Aactivity%3A7102992923062927360
2023-07-08 14:07:49,LIKE,https://www.linkedin.com/feed/update/urn%3Ali%3Aactivity%3A7082706234532892672
2023-06-20 19:37:26,LIKE,https://www.linkedin.com/feed/update/urn%3Ali%3Aactivity%3A7076938489346367488
2023-06-12 12:28:37,LIKE,https://www.linkedin.com/feed/update/urn%3Ali%3Aactivity%3A7073846737332834304
2023-01-06 16:10:00,LIKE,https://www.linkedin.com/feed/update/urn%3Ali%3Aactivity%3A7017156089053925376
2023-01-04 01:34:29,LIKE,https://www.linkedin.com/feed/update/urn%3Ali%3Aactivity%3A7016076394375880704
2022-11-15 14:26:08,LIKE,https://www.linkedin.com/feed/update/urn%3Ali%3AugcPost%3A6998265023651352577
2022-10-26 23:13:59,LIKE,https://www.linkedin.com/feed/update/urn%3Ali%3Aactivity%3A6991122836388003840
2022-10-14 16:43:44,LIKE,https://www.linkedin.com/feed/update/urn%3Ali%3Aactivity%3A6986685763652378624
2022-10-12 17:44:00,LIKE,https://www.linkedin.com/feed/update/urn%3Ali%3Aactivity%3A6985882626947518464
2022-08-26 17:37:56,LIKE,https://www.linkedin.com/feed/update/urn%3Ali%3AugcPost%3A6968971439509037056
2022-08-12 19:47:31,LIKE,https://www.linkedin.com/feed/update/urn%3Ali%3Aactivity%3A6963925442927935488
2022-08-09 00:05:55,LIKE,https://www.linkedin.com/feed/update/urn%3Ali%3AugcPost%3A6962525903079800832
2022-08-03 22:57:56,LIKE,https://www.linkedin.com/feed/update/urn%3Ali%3Aactivity%3A6960636057457483776
2022-07-18 19:50:56,LIKE,https://www.linkedin.com/feed/update/urn%3Ali%3AugcPost%3A6954881244992065536
2022-06-24 16:12:15,LIKE,https://www.linkedin.com/feed/update/urn%3Ali%3Aactivity%3A6946126068986634240
2022-05-27 18:09:31,LIKE,https://www.linkedin.com/feed/update/urn%3Ali%3Aactivity%3A6935912177723736064
2022-04-11 18:58:53,LIKE,https://www.linkedin.com/feed/update/urn%3Ali%3Aactivity%3A6919343783373381633
2022-03-08 17:33:03,LIKE,https://www.linkedin.com/feed/update/urn%3Ali%3Aactivity%3A6906985449957797888
2022-03-05 14:25:42,LIKE,https://www.linkedin.com/feed/update/urn%3Ali%3Aactivity%3A6905265942545448960
2022-01-29 00:20:31,LIKE,https://www.linkedin.com/feed/update/urn%3Ali%3Aactivity%3A6892485293644087296
2022-01-25 14:53:14,LIKE,https://www.linkedin.com/feed/update/urn%3Ali%3Aactivity%3A6891753353874145280
2022-01-07 18:25:42,LIKE,https://www.linkedin.com/feed/update/urn%3Ali%3AugcPost%3A6885030107228995584
2022-01-07 18:25:38,LIKE,https://www.linkedin.com/feed/update/urn%3Ali%3Aactivity%3A6885216491541680128
2021-12-28 15:25:13,LIKE,https://www.linkedin.com/feed/update/urn%3Ali%3Aactivity%3A6878782607484690432
2021-12-16 18:02:55,LIKE,https://www.linkedin.com/feed/update/urn%3Ali%3Aactivity%3A6877303054799126528
2021-12-14 02:43:27,LIKE,https://www.linkedin.com/feed/update/urn%3Ali%3Aactivity%3A6876279421767036928
2021-12-06 22:53:52,LIKE,https://www.linkedin.com/feed/update/urn%3Ali%3AugcPost%3A6872304467065364480
2021-12-02 14:16:43,LIKE,https://www.linkedin.com/feed/update/urn%3Ali%3Aactivity%3A6869254591339343873
2021-11-16 20:28:55,LIKE,https://www.linkedin.com/feed/update/urn%3Ali%3AugcPost%3A6866410158432559104
2021-10-10 00:40:48,LIKE,https://www.linkedin.com/feed/update/urn%3Ali%3Aactivity%3A6852337271434219520
2021-09-30 19:51:07,LIKE,https://www.linkedin.com/feed/update/urn%3Ali%3Aactivity%3A6849365184495140864
2021-08-07 15:33:44,LIKE,https://www.linkedin.com/feed/update/urn%3Ali%3Aactivity%3A6829786335897755648
2021-06-28 17:55:08,LIKE,https://www.linkedin.com/feed/update/urn%3Ali%3Aactivity%3A6815323390786748416
2021-06-23 20:23:20,LIKE,https://www.linkedin.com/feed/update/urn%3Ali%3AugcPost%3A6813513647839555584
2021-06-23 16:34:47,LIKE,https://www.linkedin.com/feed/update/urn%3Ali%3Aactivity%3A6813479637142802432
2021-06-23 14:42:39,LIKE,https://www.linkedin.com/feed/update/urn%3Ali%3Aactivity%3A6813472904446042113
2021-05-27 18:24:38,LIKE,https://www.linkedin.com/feed/update/urn%3Ali%3Aactivity%3A6803734167323463680
2021-01-20 15:30:57,LIKE,https://www.linkedin.com/feed/update/urn%3Ali%3Aactivity%3A6757609289667366913
2020-12-18 19:10:36,LIKE,https://www.linkedin.com/feed/update/urn%3Ali%3Aactivity%3A6745728038874492928
2020-12-09 21:08:00,LIKE,https://www.linkedin.com/feed/update/urn%3Ali%3AugcPost%3A6742127256673554432
2020-10-30 23:11:54,LIKE,https://www.linkedin.com/feed/update/urn%3Ali%3Aactivity%3A6727662249185464321
2020-10-29 17:38:40,LIKE,https://www.linkedin.com/feed/update/urn%3Ali%3Aactivity%3A6727602379522494464
2020-09-10 18:37:47,LIKE,https://www.linkedin.com/feed/update/urn%3Ali%3Aactivity%3A6707410139374342144
2020-01-03 13:39:42,LIKE,https://www.linkedin.com/feed/update/urn%3Ali%3Aactivity%3A6618519267174346752
2019-12-10 16:30:44,LIKE,https://www.linkedin.com/feed/update/urn%3Ali%3AugcPost%3A6608444692516397057
2019-11-07 14:55:17,LIKE,https://www.linkedin.com/feed/update/urn%3Ali%3Aactivity%3A6597968243233701888
2019-08-08 19:05:19,LIKE,https://www.linkedin.com/feed/update/urn%3Ali%3Aactivity%3A6565275001279303681
2019-05-14 02:47:50,LIKE,https://www.linkedin.com/feed/update/urn%3Ali%3Aactivity%3A6533742161924591617
2019-02-27 10:25:49,LIKE,https://www.linkedin.com/feed/update/urn%3Ali%3AugcPost%3A6505766571854622720
2019-01-30 15:12:34,LIKE,https://www.linkedin.com/feed/update/urn%3Ali%3Aarticle%3A9140601633520467776
2018-09-17 13:08:46,LIKE,https://www.linkedin.com/feed/update/urn%3Ali%3Aactivity%3A6447302591587106817
2018-07-31 14:50:12,LIKE,https://www.linkedin.com/feed/update/urn%3Ali%3Aactivity%3A6428362971537293312
2018-07-12 14:36:47,LIKE,https://www.linkedin.com/feed/update/urn%3Ali%3Aactivity%3A6423131094098550784
2018-02-04 13:46:20,LIKE,https://www.linkedin.com/feed/update/urn%3Ali%3Aarticle%3A7920591338941703586
2018-01-22 14:06:15,LIKE,https://www.linkedin.com/feed/update/urn%3Ali%3Aactivity%3A6360160718083411968
2018-01-04 13:50:47,LIKE,https://www.linkedin.com/feed/update/urn%3Ali%3Aactivity%3A6353801412777897984
2018-01-04 13:48:27,LIKE,https://www.linkedin.com/feed/update/urn%3Ali%3Aactivity%3A6334775745507782656
2017-12-26 21:15:42,LIKE,https://www.linkedin.com/feed/update/urn%3Ali%3Aarticle%3A7392099054426429108
2017-12-13 17:04:49,LIKE,https://www.linkedin.com/feed/update/urn%3Ali%3Aactivity%3A6346524985300959232
2017-11-30 23:42:26,LIKE,https://www.linkedin.com/feed/update/urn%3Ali%3Aactivity%3A6341452517506904065
2017-10-03 16:29:48,LIKE,https://www.linkedin.com/feed/update/urn%3Ali%3Aactivity%3A6320796515858288641
2017-09-01 16:16:10,LIKE,https://www.linkedin.com/feed/update/urn%3Ali%3Aactivity%3A6309390855597809665
2017-06-20 16:04:53,LIKE,https://www.linkedin.com/feed/update/urn%3Ali%3Aarticle%3A7064905562747025894
2017-05-11 12:49:42,LIKE,https://www.linkedin.com/feed/update/urn%3Ali%3Aactivity%3A6265721104258646016
2017-04-26 04:16:05,LIKE,https://www.linkedin.com/feed/update/urn%3Ali%3Aactivity%3A6262826243461251073
2017-03-28 16:22:39,LIKE,https://www.linkedin.com/feed/update/urn%3Ali%3Aactivity%3A6252269653888946177
2017-02-16 20:11:45,LIKE,https://www.linkedin.com/feed/update/urn%3Ali%3Aactivity%3A6237745822558154752
2017-01-27 17:14:20,LIKE,https://www.linkedin.com/feed/update/urn%3Ali%3Aarticle%3A8872476350329786199
2017-01-26 15:02:59,LIKE,https://www.linkedin.com/feed/update/urn%3Ali%3Aactivity%3A6229868741648216065
2017-01-17 23:45:05,LIKE,https://www.linkedin.com/feed/update/urn%3Ali%3Aarticle%3A9071979869189608412
2017-01-17 17:02:53,LIKE,https://www.linkedin.com/feed/update/urn%3Ali%3Aactivity%3A6226971392940732417
2017-01-15 18:47:00,LIKE,https://www.linkedin.com/feed/update/urn%3Ali%3Aactivity%3A6226255411050217472
2016-12-12 17:33:44,LIKE,https://www.linkedin.com/feed/update/urn%3Ali%3Aactivity%3A6213575860935487488
2016-12-03 01:39:18,LIKE,https://www.linkedin.com/feed/update/urn%3Ali%3Aarticle%3A8885440579956550720
2016-11-30 21:30:49,LIKE,https://www.linkedin.com/feed/update/urn%3Ali%3Aactivity%3A6206669941437931520
2016-11-24 14:51:24,LIKE,https://www.linkedin.com/feed/update/urn%3Ali%3Aactivity%3A6207232478663491584
2016-10-27 23:32:44,LIKE,https://www.linkedin.com/feed/update/urn%3Ali%3Aactivity%3A6197512506211078144
2016-10-27 15:12:35,LIKE,https://www.linkedin.com/feed/update/urn%3Ali%3Aactivity%3A6197266284837634048
2016-09-29 14:58:49,LIKE,https://www.linkedin.com/feed/update/urn%3Ali%3AgroupPost%3A157360-6187100670642905089
2016-09-26 20:42:14,LIKE,https://www.linkedin.com/feed/update/urn%3Ali%3Aactivity%3A6186232111519797250
2016-09-14 18:25:27,LIKE,https://www.linkedin.com/feed/update/urn%3Ali%3Aactivity%3A6181888984378073088
2016-09-14 17:35:20,LIKE,https://www.linkedin.com/feed/update/urn%3Ali%3Aactivity%3A6181675290889109504
2016-09-02 15:14:42,LIKE,https://www.linkedin.com/feed/update/urn%3Ali%3Aactivity%3A6177108330754895872
2016-08-31 14:46:50,LIKE,https://www.linkedin.com/feed/update/urn%3Ali%3Aactivity%3A6176508840071229440
2016-08-30 16:47:12,LIKE,https://www.linkedin.com/feed/update/urn%3Ali%3Aactivity%3A6176418768747585536
2016-08-25 18:54:53,LIKE,https://www.linkedin.com/feed/update/urn%3Ali%3Aactivity%3A6174615684476080128
2016-07-27 20:45:43,LIKE,https://www.linkedin.com/feed/update/urn%3Ali%3Aactivity%3A6164081226987692032
2016-07-12 16:19:52,LIKE,https://www.linkedin.com/feed/update/urn%3Ali%3Aarticle%3A8509410436770083753
2016-07-10 21:41:49,LIKE,https://www.linkedin.com/feed/update/urn%3Ali%3AgroupPost%3A157360-6157984515592564738
2016-06-27 18:24:55,LIKE,https://www.linkedin.com/feed/update/urn%3Ali%3Aactivity%3A6153183490696323072
2016-06-12 02:47:18,LIKE,https://www.linkedin.com/feed/update/urn%3Ali%3Aarticle%3A8451948430134630894
2016-06-03 17:30:29,LIKE,https://www.linkedin.com/feed/update/urn%3Ali%3Aarticle%3A7047929603965892349
2016-05-30 22:06:48,LIKE,https://www.linkedin.com/feed/update/urn%3Ali%3Aactivity%3A6143125316186497025
2016-05-23 22:02:51,LIKE,https://www.linkedin.com/feed/update/urn%3Ali%3Aactivity%3A6140496643163717632
2016-05-13 20:45:55,LIKE,https://www.linkedin.com/feed/update/urn%3Ali%3Aactivity%3A6136937196638191616
2016-05-13 00:58:46,LIKE,https://www.linkedin.com/feed/update/urn%3Ali%3Aarticle%3A7359069943052912993
2016-05-12 14:31:59,LIKE,https://www.linkedin.com/feed/update/urn%3Ali%3Aactivity%3A6136508592523603968
2016-04-26 14:13:32,LIKE,https://www.linkedin.com/feed/update/urn%3Ali%3Aactivity%3A6130713820164878337
2016-04-05 02:48:23,LIKE,https://www.linkedin.com/feed/update/urn%3Ali%3Aarticle%3A8867823494853955911
2016-04-04 14:40:29,LIKE,https://www.linkedin.com/feed/update/urn%3Ali%3Aactivity%3A6122752931277070336
2016-03-15 14:22:11,LIKE,https://www.linkedin.com/feed/update/urn%3Ali%3Aactivity%3A6115490704388038656
2016-02-09 19:31:25,LIKE,https://www.linkedin.com/feed/update/urn%3Ali%3Aactivity%3A6102905696209100800
2016-01-08 19:45:50,LIKE,https://www.linkedin.com/feed/update/urn%3Ali%3Aarticle%3A7418724098854950925
2016-01-07 15:31:11,LIKE,https://www.linkedin.com/feed/update/urn%3Ali%3Aactivity%3A6090726709240283136
2016-01-06 14:31:28,LIKE,https://www.linkedin.com/feed/update/urn%3Ali%3Aactivity%3A6090344762521505792
2016-01-05 20:53:26,LIKE,https://www.linkedin.com/feed/update/urn%3Ali%3Aactivity%3A6090143405692772352
2015-12-16 21:06:40,LIKE,https://www.linkedin.com/feed/update/urn%3Ali%3Aactivity%3A6082983586812751873
2015-12-02 15:18:46,LIKE,https://www.linkedin.com/feed/update/urn%3Ali%3Aarticle%3A7908548599276931683
2015-11-07 02:05:01,LIKE,https://www.linkedin.com/feed/update/urn%3Ali%3Aarticle%3A6959924153459553831
2015-11-05 22:35:12,LIKE,https://www.linkedin.com/feed/update/urn%3Ali%3Aactivity%3A6065479057288503297
2015-11-05 22:34:59,LIKE,https://www.linkedin.com/feed/update/urn%3Ali%3Aactivity%3A6068111657610010624
2015-10-08 16:01:49,LIKE,https://www.linkedin.com/feed/update/urn%3Ali%3Aarticle%3A7380058788723146074
2015-10-02 01:49:01,LIKE,https://www.linkedin.com/feed/update/urn%3Ali%3Aactivity%3A6055463446730862592
2015-09-24 15:42:27,LIKE,https://www.linkedin.com/feed/update/urn%3Ali%3Aactivity%3A6052145724391456768
2015-09-24 00:21:48,LIKE,https://www.linkedin.com/feed/update/urn%3Ali%3Aactivity%3A6052286666503118848
2015-09-19 14:42:03,LIKE,https://www.linkedin.com/feed/update/urn%3Ali%3Aactivity%3A6050257164809891840
2015-09-02 01:37:05,LIKE,https://www.linkedin.com/feed/update/urn%3Ali%3Aactivity%3A6044486271001251840
2015-08-27 01:11:57,LIKE,https://www.linkedin.com/feed/update/urn%3Ali%3Aactivity%3A6042392622625021952
2015-08-15 15:07:55,LIKE,https://www.linkedin.com/feed/update/urn%3Ali%3Aactivity%3A6038262713191247872
2015-08-05 19:07:22,LIKE,https://www.linkedin.com/feed/update/urn%3Ali%3Aactivity%3A6033945171287093248
2015-07-23 00:58:59,LIKE,https://www.linkedin.com/feed/update/urn%3Ali%3Aactivity%3A6029601402538512384
2015-07-08 13:48:37,LIKE,https://www.linkedin.com/feed/update/urn%3Ali%3Aactivity%3A6024542661506060288
2015-07-07 02:54:03,LIKE,https://www.linkedin.com/feed/update/urn%3Ali%3Aactivity%3A6023775359399456768
2015-06-27 17:05:42,LIKE,https://www.linkedin.com/feed/update/urn%3Ali%3Aactivity%3A6019905386709082112
2015-06-23 23:51:29,LIKE,https://www.linkedin.com/feed/update/urn%3Ali%3Aactivity%3A6018868328209145856
2015-06-12 00:50:52,LIKE,https://www.linkedin.com/feed/update/urn%3Ali%3Aactivity%3A6014893575811141632
2015-06-08 16:49:14,LIKE,https://www.linkedin.com/feed/update/urn%3Ali%3Aactivity%3A6013696213730287616
2015-05-30 15:14:47,LIKE,https://www.linkedin.com/feed/update/urn%3Ali%3Aactivity%3A6010398717578928128
2015-05-28 21:49:40,LIKE,https://www.linkedin.com/feed/update/urn%3Ali%3Aactivity%3A6007541824799993856
2015-05-27 17:22:45,LIKE,https://www.linkedin.com/feed/update/urn%3Ali%3Aactivity%3A6009375277405257728
2015-05-27 03:35:04,LIKE,https://www.linkedin.com/feed/update/urn%3Ali%3Aactivity%3A6009160887829614592
2015-05-20 00:29:09,LIKE,https://www.linkedin.com/feed/update/urn%3Ali%3Aactivity%3A6006482285736529920
2015-05-07 15:45:01,LIKE,https://www.linkedin.com/feed/update/urn%3Ali%3Aactivity%3A6002075821261545472
2015-04-28 22:37:46,LIKE,https://www.linkedin.com/feed/update/urn%3Ali%3Aactivity%3A5998911730426617856
2015-04-26 00:59:38,LIKE,https://www.linkedin.com/feed/update/urn%3Ali%3Aactivity%3A5997028989955297280
2015-04-11 17:52:58,LIKE,https://www.linkedin.com/feed/update/urn%3Ali%3Aactivity%3A5992715687427137536
2015-03-27 20:28:21,LIKE,https://www.linkedin.com/feed/update/urn%3Ali%3Aactivity%3A5987220355486339072
2015-02-27 17:27:10,LIKE,https://www.linkedin.com/feed/update/urn%3Ali%3Aactivity%3A5977116405722525696
2015-02-05 21:00:31,LIKE,https://www.linkedin.com/feed/update/urn%3Ali%3Aactivity%3A5968875090786476033
2015-01-21 20:57:32,LIKE,https://www.linkedin.com/feed/update/urn%3Ali%3Aactivity%3A5963616064641196032
2015-01-07 02:28:48,LIKE,https://www.linkedin.com/feed/update/urn%3Ali%3Aactivity%3A5958279413371060224
2014-07-15 18:27:28,LIKE,https://www.linkedin.com/feed/update/urn%3Ali%3Aactivity%3A5894806881406324736
2014-07-07 14:37:04,LIKE,https://www.linkedin.com/feed/update/urn%3Ali%3Aactivity%3A5891708037403529216
2014-06-28 18:12:08,LIKE,https://www.linkedin.com/feed/update/urn%3Ali%3Aactivity%3A5888704846059569152
2014-06-24 19:47:16,LIKE,https://www.linkedin.com/feed/update/urn%3Ali%3Aactivity%3A5887258528069992448
2014-06-13 21:15:19,LIKE,https://www.linkedin.com/feed/update/urn%3Ali%3Aactivity%3A5883238047041990656
2014-06-09 18:02:58,LIKE,https://www.linkedin.com/feed/update/urn%3Ali%3Aactivity%3A5881822596877557760
2014-06-09 02:51:27,LIKE,https://www.linkedin.com/feed/update/urn%3Ali%3Aactivity%3A5881249341070409728
2014-02-28 18:32:22,LIKE,https://www.linkedin.com/feed/update/urn%3Ali%3Aactivity%3A5845197786412634112
2014-02-21 02:01:14,LIKE,https://www.linkedin.com/feed/update/urn%3Ali%3Aactivity%3A5842367789230624768
2013-11-19 12:33:47,LIKE,https://www.linkedin.com/feed/update/urn%3Ali%3Aactivity%3A5808228194947854336
2013-09-05 22:34:43,LIKE,https://www.linkedin.com/feed/update/urn%3Ali%3Aactivity%3A5781444829376425984
2013-08-29 14:24:15,LIKE,https://www.linkedin.com/feed/update/urn%3Ali%3Aactivity%3A5778852281873080320
2013-08-01 05:04:37,LIKE,https://www.linkedin.com/feed/update/urn%3Ali%3Aactivity%3A5767969566978232320
2013-07-16 18:26:01,LIKE,https://www.linkedin.com/feed/update/urn%3Ali%3Aactivity%3A5762889742366556160
2013-07-16 18:02:41,LIKE,https://www.linkedin.com/feed/update/urn%3Ali%3Aactivity%3A5762939390699528193
2013-05-16 01:45:45,LIKE,https://www.linkedin.com/feed/update/urn%3Ali%3Aactivity%3A5740250231048503296
2013-02-22 14:10:42,LIKE,https://www.linkedin.com/feed/update/urn%3Ali%3Aactivity%3A5710023716537114624
2013-02-06 06:01:12,LIKE,https://www.linkedin.com/feed/update/urn%3Ali%3Aactivity%3A5704683456953335808
