Date/Time,Media Description,Media Link
"You uploaded a profile photo on August 12, 2025 at 2:33 PM (GMT)", -,https://media.licdn.com/dms/image/v2/D4E04AQEtT_dM7ZWsLw/profile-originalphoto-shrink_900_1200/B4EZiesuYoGcAI-/0/1755009181869?e=1772668800&v=beta&t=JFfhCNhs6bcBPz08dQhsXAQVy0FNlHanZN5rOLe9lCE
"You uploaded a photo on March 3, 2020 at 10:49 PM (GMT)", -,https://media.licdn.com/dms/image/v2/C4E22AQEuuCK18LcvPg/feedshare-shrink_2048_1536/feedshare-shrink_2048_1536/0/1583275753931?e=1772668800&v=beta&t=6Db5PV7LH75E8nPL36UealfXj03CHz2d2KhWhL-3VlY
"You uploaded a feed document on December 12, 2019 at 6:24 PM (GMT)", -,https://media.licdn.com/dms/document/media/v2/C4E1FAQFpfUs58Tx9lA/feedshare-document-url-metadata-scrapper-pdf/feedshare-document-url-metadata-scrapper-pdf/0/1619486362170?e=1771610400&v=beta&t=o12mpMXSauor65zugYX5EVsA-W1v-zbmRk76S4iG3NU
"You uploaded a feed document on December 10, 2019 at 8:34 AM (GMT)", -,https://media.licdn.com/dms/document/media/v2/C4E1FAQEJIWNspFOm6w/feedshare-document-url-metadata-scrapper-pdf/feedshare-document-url-metadata-scrapper-pdf/0/1619494149520?e=1771610400&v=beta&t=EiSr2nbpEhO-DbsdH4AYtCa78V6woW3KbEtTm3iN170
"You uploaded a photo on November 25, 2019 at 2:03 PM (GMT)", -,https://media.licdn.com/dms/image/v2/C4E22AQE6L-3qZAdn8g/feedshare-shrink_2048_1536/feedshare-shrink_2048_1536/0/1574690589394?e=1772668800&v=beta&t=TPOP49AxnA5lndEX8jX00FT4tJEqTPXq8h96lMAxA84
"You uploaded a photo on November 16, 2019 at 2:15 AM (GMT)", -,https://media.licdn.com/dms/image/v2/C4E22AQFxK0Y2MNLH9w/feedshare-shrink_2048_1536/feedshare-shrink_2048_1536/0/1573870555018?e=1772668800&v=beta&t=NizcXHYhcJtLVJAnYMWeo73ny-395r5ZjBo4II0fClo
"You uploaded a photo on November 14, 2019 at 10:39 AM (GMT)", -,https://media.licdn.com/dms/image/v2/C4E22AQHSlw4j53806g/feedshare-shrink_2048_1536/feedshare-shrink_2048_1536/0/1573727944940?e=1772668800&v=beta&t=KsRlcXvIICcz9vkUMJpwe8KmLyeOHVzJlU-XAe_ZFA0
"You uploaded a profile background photo on February 4, 2018 at 9:44 PM (GMT)", -,https://media.licdn.com/dms/image/v2/C5616AQFKXmCxFUeNYA/profile-displaybackgroundimage-shrink_200_800/profile-displaybackgroundimage-shrink_200_800/0/1517780685011?e=1772668800&v=beta&t=JBc5QyAZILn92flaOH0twW_C5PrJW43ukKauDnFvorY
"You uploaded a profile background photo on February 4, 2018 at 9:44 PM (GMT)", -,https://media.licdn.com/dms/image/v2/C5604AQGspuflK1DDHQ/profile-originalbackgroundimage-shrink_396_1584/profile-originalbackgroundimage-shrink_396_1584/0/1517780684823?e=1772668800&v=beta&t=LG-Vt8HlJfzdJgNz5ZMFWKFnoJpBD19ogZCVIfjfPNw
