Uber,www.uber.com
Mitsubishi UFJ Financial Group,www.mufgamericas.com
WPP,www.wpp.com
EXP Realty,www.exprealty.com
Battelle,www.battelle.org
Maximus,https://maximus.com/
Northwestern Mutual Life Insurance Company,www.northwesternmutual.com
Wood.,www.woodplc.com
Tetra Tech,www.tetratech.com
BTPN,www.btpn.com
VML,https://www.vml.com/
SCI,www.sci-corp.com
ABN AMRO Bank,www.abnamro.com
OSI Group,www.osigroup.com
First American Financial,www.firstam.com
Reef,http://www.reeftechnology.com
McGriff Insurance Services,www.mcgriff.com
Live Nation,https://www.livenationentertainment.com/
UL,www.ul.com
Weichert Realtors,http://www.weichert.com
"Gannett Co., Inc",http://gannett.com
Oerlikon,www.oerlikon.com
"HDR, Inc.",https://www.hdrinc.com
Ilitch Holidngs,http://ilitchholdings.com
Alliant Insurance Services,www.alliant.com
"Morningstar, Inc.",www.morningstar.com
Universal Music,www.universalmusic.com
Assured Partners,www.assuredptr.com
The Guardian Life Insurance Company of America,www.guardianlife.com
American Family Insurance,www.amfam.com
Santander,www.santanderus.com
Wunderman Thompson,www.wundermanthompson.com
CLA (CliftonLarsonAllen),https://www.claconnect.com/en
ICF,www.icfi.com
Flagstar Bank,www.investors.flagstar.com
"American Financial Group, Inc.",www.afginc.com
Invesco Ltd.,www.invesco.com
NC State Employees Credit Union,www.ncsecu.org
AmBank Group,www.ambankgroup.com
BDS Marketing,www.bdsmktg.com
Newmark Real Estate,www.ngkf.com
Encore Capital,http://encorecapital.com
Aurubis,www.aurubis.com
Stewart Title,http://stewart.com
United Wholesale Mortgage,www.uwm.com
CNA Financial,http://cna.com
Atalian Global Services,www.atalian.us
Schawk,www.schawk.com
"Vizient, Inc.",www.vizientinc.com
Arvest Bank Group,www.arvest.com
National General Insurance,http://nationalgeneral.com
Clifford Chance,www.cliffordchance.com
Mutual of Omaha,http://mutualofomaha.com
Edelman Inc,http://edelman.com
Berwind Corporation,www.berwind.com
Loan Depot,https://www.loandepot.com/
American Tower Corporation,www.americantower.com
"WellCare Health Plans, Inc.",http://wellcare.com
Robert W. Baird & Co.,www.rwbaird.com
Evertec,www.evertecinc.com
ATB Financial,http://atb.com
Stewart Enterprises,www.stewartenterprises.com
"Eli Global, LLC",www.eliglobal.com
Corebridge Financial,www.corebridgefinancial.com
Skadden Arps Slate Meagher & Flom LLP,www.skadden.com
Redfin,www.redfin.com
Woodforest National Bank,www.woodforest.com
PennyMac,www.pennymacusa.com
AMP,www.amp.com.au
Apollo,www.apollo.com
CRC Group,www.crcgroup.com
Pacific Private Fund Advisors,https://www.pacificlife.com
Heartland Payment Systems,www.heartlandpaymentsystems.com
Maritz,http://www.maritz.com
AllianceBernstein,www.alliancebernstein.com
Osmose,www.osmose.com
Associated Banc-Corp,https://investor.associatedbank.com/corporate-profile/default.aspx
GC Services,www.gcserv.com
VIAD Corp,www.viad.com
Equity Lifestyle Properties,www.equitylifestyle.com
State Compensation Insurance Fund,www.statefundca.com
Clear Channel Outdoor,www.clearchanneloutdoor.com
Printpack,www.printpack.com
Michael Baker International,www.mbakerintl.com
Moss Adams,http://mossadams.com
Ryan Speciality Group,www.ryansg.com
Hancock Whitney Bank,www.hancockbank.com
Antea,www.anteagroup.com
Cresent Operating,www.crescentoperating.com
Amica Mutual Insurance,www.amica.com
Wycliffe USA,www.wycliffe.org
Alutiq,www.alutiiq.com
National Wine & Spirits Corp,www.nwscorp.com
Colonial Group,www.colonialgroupinc.com
UG2,www.ug2.com
TNG Retail Services,tng.com
"Ace Cash Express, Inc.",www.acecashexpress.com
The Duchossois Group,www.duch.com
Team Enterprises,http://www.teamenterprises.com
World Finance,www.loansbyworld.com
The Boston Globe,https://www.bostonglobemedia.com/about/
HKA,www.hka.com
Euronet Worldwide,www.euronetworldwide.com
InnerWorkings,www.inwk.com
American Ag Credit,www.agloan.com
Realty Executives,http://realtyx.com
Montion Recruitment,http://motionrp.com
J&J Inudustries,www.jjflooringgroup.com
Platinum Equity,http://platinumequity.com
Resolution Media,www.resolutionmedia.com
Rent,www.rent.com
"Berkshire Hathaway Home Services C. Dan Joyner, Realtors",www.cdanjoyner.com
Delek Logistics,www.deleklogistics.com
Elme Communities,www.elmecommunities.com
Industrial and Commercial Bank of China US,www.icbc-us.com
Marlin Equity Partners,www.marlinequity.com
"Chicago Growth Partners, LLC",www.cgp.com
Pacific National Exhibition,www.pne.ca
Decision Dynamics Consulting,www.decisiondynamics.us
Lindsay Goldberg,http://www.lindsaygoldbergllc.com
First Atlantic Capital,www.firstatlanticcapital.com
The Trust (NFLPA),www.playerstrust.com
Falfurrias Capital,http://www.falfurriascapital.com
Entrepeneurs Roundtable Accelerator,https://www.eranyc.com/
Avista Capital,www.avistacap.com
Insight Equity Holding,www.insightequity.com
Broadreach Capital Partners,www.broadreachcp.com
"Weston Presidio, Inc.",www.westonpresidio.com
Standard Westwood Venture LP,www.westwoodterraceapts.com
North Carolina Academy of Physician Assistants,www.ncapa.org
California Square,www.chisomhousing.org
Richlieu Associates,www.oahscountrycommons.com
,